tag	written_at	group	arm	system	dataset	level	trajectory_index	n_steps	max_depth	n_repeats	goal_relevance	goal_relevance_scores	goal_relevance_reason	information_gain	information_gain_scores	information_gain_reason	interestingness	interestingness_scores	interestingness_reason	trustworthiness	trustworthiness_scores	trustworthiness_reason	actionability	actionability_scores	actionability_reason	resolution	resolution_scores	resolution_reason
systems	2026-07-31T13:42:33	systems	agentpoirot	agent_poirot	qrobur_tree_table	level_2	0	4	3	3	3.333	3,4,3	The trajectory addresses SNP density and sequencing coverage across genomic windows, but several observations provide only weak or indirect progress toward the goal.	2.667	3,3,2	There is a moderate gain in understanding of SNP density and sequencing coverage variability, but progression is uneven with some redundancy.	2.333	2,3,2	The findings about SNP density and coverage are somewhat expected based on the dataset profile; only mildly informative insights are presented.	2.333	2,2,3	Multiple claims are weakly supported by evidence without accompanying statistical tests, relying solely on descriptive statistics.	2.333	2,3,2	Some observations suggest potential areas of interest for further investigation, but the direction remains diffuse and lacks a coherent follow-up strategy.	2.000	2,2,2	Some aspects of SNP density variability are explored, but significant explanatory gaps regarding sequencing coverage and its implications remain.
systems	2026-07-31T13:42:33	systems	agentpoirot	agent_poirot	qrobur_tree_table	level_2	1	4	3	3	3.000	3,4,2	The trajectory is generally related to the goal by mentioning SNP density and sequencing coverage, but lacks depth in exploring how these patterns vary specifically across chromosome positions.	2.000	2,2,2	The steps provide limited new information, with repeated mentions of SNP density and coverage without significant new insights or clarification.	2.000	2,2,2	Findings such as high coverage in specific genomic windows are mildly informative but largely expected and routine.	2.000	2,2,2	Claims lack statistical support and rely heavily on descriptive statistics without tests, leading to weak evidence grounding.	1.667	2,2,1	Observations hint at follow-up areas like specific genomic windows but do not form a coherent analysis direction or hypothesis for further exploration.	2.000	2,2,2	The trajectory introduces variability in sequencing coverage but does not provide detailed resolution or deep exploration of questions raised by the base insight.
systems	2026-07-31T13:42:33	systems	agentpoirot	agent_poirot	qrobur_tree_table	level_2	2	4	3	3	2.667	3,2,3	The trajectory addresses the variance in SNP density and sequencing coverage as related to genomic windows and chromosome positions but lacks significant depth or focus on chromosome-specific variations.	2.000	2,2,2	Observations largely reiterate the same broad findings without resolving specific uncertainties or adding substantial new understanding.	2.000	2,2,2	The findings are somewhat routine, emphasizing expected variability in SNP density without uncovering surprising insights or patterns.	2.333	2,3,2	Claims are broadly consistent with the provided values but lack statistical support, weakening their verification.	2.000	2,2,2	Hints at potential areas for deeper analysis, such as exploring conditions under which data is missing, but lacks a coherent direction for further exploration.	2.000	2,2,2	The trajectory introduces variability as a question but doesn't substantially resolve or explain the factors affecting SNP density and sequencing coverage.
systems	2026-07-31T13:42:33	systems	agentpoirot	agent_poirot	qrobur_tree_table	level_2	3	4	3	3	3.333	4,3,3	The trajectory maintains focus on SNP density and its distribution across genomic windows. Each observation aligns with the goal, addressing SNP variation, the significance of unique tree structures, missing data, and areas of evolutionary activity.	2.000	2,2,2	The trajectory repeats similar descriptive statistics without introducing substantial new insights. While initial observations establish context, later steps largely reiterate findings without significant new resolution.	2.333	3,2,2	Some findings, such as the implication of unique tree structures and missing data, are of moderate interest. However, the repeated emphasis on high SNP density is less surprising.	2.667	3,3,2	Most claims align with the evidential data, but the absence of statistical tests limits support strength. Claims about evolutionary significance are more speculative without adequate testing.	2.000	2,2,2	Few concrete next steps are proposed. While gaps in data and unique tree structure are noted, the trajectory lacks a cohesive direction for further analysis.	2.333	3,2,2	The trajectory begins to address uncertainties about SNP density distribution but leaves questions of significance and exact implications unresolved. Some attempts are made to contextualize findings.
systems	2026-07-31T13:42:33	systems	agentpoirot	agent_poirot	qrobur_tree_table	level_2	4	4	3	3	2.667	3,3,2	The trajectory generally addresses SNP density and genetic variability but lacks depth in analyzing sequencing coverage and chromosome position.	2.000	2,2,2	Most steps reiterate basic statistics without deeply resolving prior uncertainties or introducing new analyses that refine or falsify the findings.	2.000	2,2,2	The observations are routine and mainly restate dataset characteristics. They lack surprising or novel insights into SNP density or coverage patterns.	2.667	2,3,3	The claims are supported by raw computed values but lack statistical tests, making them insufficiently supported and slightly overstated.	2.000	2,2,2	Though some observations hint at high variability regions, the trajectory lacks a coherent analytical direction for specific follow-up actions or decisions.	2.000	2,2,2	The trajectory reiterates initial observations without resolving important uncertainties related to SNP density distribution and coverage across chromosomes or genomic windows.
systems	2026-07-31T13:42:33	systems	agentpoirot	agent_poirot	revenue_opportunities	level_2	0	4	3	3	3.333	4,3,3	The trajectory stays focused on the goal, addressing different dimensions like region, opportunity size, and sales stage. Each observation is relevant to understanding the sales pipeline's structure.	2.000	2,2,2	The observations provide some additional insights, but steps 2 and 4 largely repeat prior findings about opportunity size, reducing overall marginal improvement.	2.000	2,2,2	The trajectory confirms expected distributions; while somewhat informative, it lacks novel or surprising insights that would stand out to an analyst.	2.000	2,2,2	Claims rest mainly on returned values without statistical support, leading to overstatements that are not fully supported by the evidence.	2.000	2,2,2	The trajectory provides descriptions, but lacks a clear, actionable next step or hypothesis, leaving it somewhat scattered without a coherent direction.	2.000	2,2,2	The trajectory touches on multiple aspects of the initial claim but leaves significant questions about the relationships or drivers behind the regional activity unresolved.
systems	2026-07-31T13:42:33	systems	agentpoirot	agent_poirot	revenue_opportunities	level_2	1	4	3	3	4.000	4,4,4	Each observation addresses key elements of the sales pipeline, such as segment focus, partner impact, regional contribution, and revenue distribution. It largely stays aligned with the analytical goal.	3.000	3,3,3	Each step adds new details, but there is some repetition and lack of statistical validation, leading to uneven progression in reducing uncertainty.	3.000	3,3,3	While some findings are informative, such as partner impact, others like the expected regional contribution are more routine and less insightful.	2.333	2,3,2	All claims are consistent with observations but lack statistical support, relying solely on returned values, which limits verification.	2.667	3,3,2	The trajectory suggests areas for further analysis, like examining partner strategies, but remains somewhat diffuse without a clear next step.	3.000	3,3,3	Addresses some uncertainties about the base insight, like segment and partner revenue, but leaves other aspects, such as statistical validation, unresolved.
systems	2026-07-31T13:42:33	systems	agentpoirot	agent_poirot	revenue_opportunities	level_2	2	4	3	3	4.000	4,4,4	Nearly every observation addresses key components of the goal such as opportunity size, partner status, and regional performance.	3.000	3,3,3	While the trajectory provides new insights in each step, the progression is mostly additive without deeper exploration or refinement.	3.000	3,3,3	The findings are informative but mostly expected, such as large opportunities performing best, which aligns with typical sales expectations.	2.000	2,2,2	Although claims are consistent with the results reported, the lack of statistical testing weakens the evidence supporting them.	3.000	3,3,3	The trajectory suggests directions for improvement in partner-driven efforts and regional strategies, but lacks a clear decision-making action.	2.667	2,3,3	Some aspects of the base insight are explored, such as partners and regions, but key uncertainties like statistical significance remain unresolved.
systems	2026-07-31T13:42:33	systems	agentpoirot	agent_poirot	revenue_opportunities	level_2	3	4	3	3	4.000	4,4,4	The trajectory consistently addresses the analytical goal by examining aspects of the sales pipeline, such as sales stages, partner impacts, opportunity sizes, and opportunity durations.	3.000	3,3,3	Each observation provides some additional information, but the progression is uneven and lacks strong statistical validation, which limits deeper understanding.	3.000	3,3,3	Insights about sales stages and partner influence are moderately interesting and non-obvious, but the findings on opportunity size distribution are more routine.	2.333	2,2,3	The claims are generally consistent with the evidence provided, but the lack of statistical tests weakens the reliability of the overall conclusions.	3.000	3,3,3	Findings suggest potential areas to investigate, like improving lead qualification, but the trajectory lacks a strong, coherent next step for action.	3.000	3,3,3	Some issues around the sales stages and partner influence are resolved, but the trajectory does not fully clarify or validate the base insight on probability of closing.
systems	2026-07-31T13:42:33	systems	agentpoirot	agent_poirot	revenue_opportunities	level_2	4	4	3	3	3.333	3,3,4	The trajectory generally addresses the goal by focusing on key aspects like partner-driven opportunities and regional sales activity, but there's some repetition and lack of depth in exploring segments and opportunity size.	2.000	2,2,2	The trajectory mainly restates earlier findings without substantial new insights or resolution of open questions. Steps are often repetitive, and the progression is uneven.	2.333	2,2,3	A few observations offer mild interest, such as the dominance of the 'Lead' stage, but most findings, like partner-driven opportunities, are expected and unremarkable.	2.333	3,2,2	Most claims are consistent with their evidence, but lack statistical support, reducing the overall strength and reliability of their conclusions.	2.000	2,2,2	Some observations suggest areas for deeper analysis, like the potential bottleneck at the 'Lead' stage, but no coherent actionable direction or next steps clearly emerge.	2.000	2,2,2	The trajectory doesn't substantially resolve uncertainties from the initial observations, mainly due to overlapping claims without deeper exploration or detailed explanation.
systems	2026-07-31T13:42:33	systems	agentpoirot	agent_poirot	salesfact	level_2	0	4	3	3	3.000	3,3,3	The trajectory is generally on goal, discussing manufacturers, channels, and regions which are relevant to exploring revenue and market share. However, the sequence provides only weak or indirect progress in terms of deeper analysis or insights connected to time and segments.	2.000	2,2,2	The steps predominantly restate similar statistics without resolving uncertainties introduced earlier. Some data points are repeated without additional context or meaningful refinement.	2.000	2,2,2	Observations are largely expected or unsurprising based on the dataset profile. None of the findings reveal non-obvious insights that would attract significant attention.	2.000	2,2,2	Several claims overreach the evidence. Key claims lack statistical tests and are based solely on descriptive summaries, which reduces the confidence in their support.	2.000	2,2,2	The trajectory provides broad descriptive observations but does not converge on actionable findings or suggest concrete next analytical steps for further exploration.	1.667	2,1,2	Some aspects of the initial observation are touched upon, but significant questions about time-related changes and specific segmentation remain unaddressed. The sequence lacks depth in resolving the initial uncertainty introduced.
systems	2026-07-31T13:42:33	systems	agentpoirot	agent_poirot	salesfact	level_2	1	4	3	3	3.667	3,4,4	The trajectory maintains a general focus on exploring revenue and market share, but certain steps lack direct connection to temporal changes or detailed segmentation across categories.	2.333	2,3,2	Each observation introduces new information, but the insights are mainly repetitive or slight variations without resolving prior uncertainties or refining previous findings significantly.	2.333	2,3,2	Most findings reflect expected dominance patterns without uncovering particularly surprising or insightful results beyond routine competitive statements.	2.333	2,3,2	Claims lack statistical validation and rely solely on observed values; several overstate their evidence, diminishing trust in the conclusions.	2.333	2,3,2	Few observations suggest actionable next steps or decisions; dominant market positions are described but do not guide further analysis or decisions concretely.	2.667	2,3,3	The trajectory does not resolve pertinent uncertainties from the base insight about market share domination and its implications; questions about temporal or regional variation remain insufficiently addressed.
systems	2026-07-31T13:42:33	systems	agentpoirot	agent_poirot	salesfact	level_2	2	4	3	3	3.333	3,4,3	Trajectory focuses on revenue and market share, aligning with the goal, but lacks depth in exploring channels, and regions over time in detail.	2.333	2,3,2	Observations introduce new revenue data but show little progression in resolving earlier insights or synthesizing across variables.	2.333	2,3,2	Findings are mostly expected, such as dominance in the East region and by VanArsdel; lacks surprising or non-obvious insights.	2.000	2,2,2	Claims are not adequately supported by statistical evidence; no tests or confidence measures reinforce the observations.	2.000	2,2,2	Observations offer limited concrete next steps or hypotheses beyond descriptive insights, lacking a clear analytical direction.	2.000	2,2,2	Base insight about East region is weakly contextualized; trajectory leaves many questions about underlying factors unresolved.
systems	2026-07-31T13:42:33	systems	agentpoirot	agent_poirot	salesfact	level_2	3	4	3	3	3.000	3,3,3	The trajectory partially explores revenue and market share across several dimensions, relevant to the goal, but lacks detailed temporal or segment analyses, resulting in only indirect goal progress.	2.000	2,2,2	While each step adds information, the insights are not well-connected, and few questions are substantively resolved.	2.667	3,3,2	Some observations, like VanArsdel's market share and California's dominance, are moderately interesting, but overall they provide expected insights.	2.000	2,2,2	The claims primarily rely on raw figures without statistical tests or clear aggregation, making them weakly supported.	2.000	2,2,2	The trajectory offers limited next steps or actionable insights due to its lack of clear investigative direction.	2.000	2,2,2	The trajectory does not address the uncertainty introduced by the first observation, leaving many questions unresolved.
systems	2026-07-31T13:42:33	systems	agentpoirot	agent_poirot	salesfact	level_2	4	4	3	3	3.000	3,3,3	The trajectory addresses market share for manufacturers and revenue trends across channels and regions, partially aligning with the analytical goal of exploring these aspects over time.	2.333	3,2,2	Each step provides some new detail, but the progression is uneven; the steps do not consistently build upon each other to resolve important uncertainties.	2.000	2,2,2	The findings, including segment dominance and channel performance, are somewhat expected given the dataset profile without providing surprising insights.	2.000	2,2,2	The claims lack statistical support and are based solely on returned values; some claims, like the connection between market share and revenue growth, could overstate the evidence.	2.000	2,2,2	The trajectory provides some insights about market performance but does not strongly converge on a clear, actionable next step or hypothesis.	2.000	2,2,2	The trajectory touches on aspects of the base insight but fails to address important uncertainties, such as why specific channels or regions are dominant.
systems	2026-07-31T13:42:33	systems	d2i	d2i	qrobur_tree_table	level_2	0	4	3	3	3.333	3,3,4	The trajectory partially addresses the goal by identifying key patterns in 'nsamplecov' and lower coverage genomic regions, but does not explore SNP density or chromosome position effectively.	3.000	3,3,3	Each step provides some new information, such as skewness and low coverage areas, but overall progression is uneven with some statements restating prior observations.	2.667	3,2,3	The skewness and low coverage findings are somewhat informative, yet not surprising given the dataset profile; deviation identification adds some interest.	4.333	4,4,5	The claims are supported by statistical evidence, such as skewness and deviation calculations, which maintain alignment with provided data.	3.000	3,3,3	The trajectory suggests further exploration of low coverage regions but lacks a coherent direction towards the density of SNPs or direct follow-up actions.	3.000	3,3,3	The trajectory clarifies the significant skewness and identifies specific low-coverage areas, but leaves open questions about SNP density or coverage changes across chromosomes.
systems	2026-07-31T13:42:33	systems	d2i	d2i	qrobur_tree_table	level_2	1	2	3	3	2.000	2,2,2	The trajectory mentions columns related to SNP densities and genomic windows, but does not provide a comprehensive analysis of patterns or sequencing coverage across genomic windows and chromosome positions.	2.000	2,2,2	The second step identifies a lack of variation in SNP densities, which somewhat advances the trajectory but does not fully address uncertainties from the first step.	2.000	2,2,2	The finding of no variation in SNP densities is mildly informative but not unexpected or particularly insightful without broader context.	2.667	2,3,3	Claims are consistent with returned values but lack statistical support and diagnostic detail, reducing the overall trustworthiness.	1.667	1,2,2	The trajectory is largely descriptive and does not suggest concrete next steps or a direction for further analysis.	2.000	2,2,2	The second observation partially resolves the initial finding's uncertainty about SNP variation but leaves many analytical questions unaddressed.
systems	2026-07-31T13:42:33	systems	d2i	d2i	qrobur_tree_table	level_2	2	1	3	3	2.333	3,2,2	The trajectory examines SNP density and sequencing coverage, which are central to the goal of investigating these metrics across genomic windows and chromosome positions. However, it doesn't fully explore the broader implications of these patterns.	2.000	2,2,2	The single-step observation identifies the absence of correlation between 'nsnps' and 'nsamplecov' at specific genomic window sizes, but it does not advance understanding or resolve previous uncertainty beyond this singular finding.	1.667	2,1,2	The lack of correlation between SNP density and coverage for small window sizes is somewhat interesting, but the finding lacks depth and context that would make it more insightful.	3.000	3,3,3	The observation is consistent with the evidence provided (absence of correlation), but it lacks strong statistical support, relying instead on raw return values, which weakens its evidential grounding.	2.333	3,2,2	The observation suggests that the relationship between SNP density and sequencing coverage may not need further exploration for small window sizes, providing direction but not a strong convergent analytical thread.	2.000	3,2,1	The trajectory clarifies that there's no correlation for small windows, addressing one specific aspect of the base question but leaving broader uncertainties about SNP and coverage patterns unresolved.
systems	2026-07-31T13:42:33	systems	d2i	d2i	qrobur_tree_table	level_2	3	3	3	3	4.000	4,4,4	The trajectory focuses on SNP density and sequencing coverage, directly aligning with the analytical goal. Each observation provides insight into the pattern or prevalence of extreme values in genomic windows, contributing to goal understanding.	3.000	3,3,3	While the trajectory progresses by refining and localizing findings, some observations are only moderately informative. The last step repeats a similar analysis without significantly advancing understanding.	3.000	3,3,3	The observations reveal that extreme SNP density does not overlap with high sequencing coverage, which is notable. However, the findings about proportions in different windows become routine by the end.	2.667	3,3,2	Claims are mostly consistent with evidence, but lack statistical tests to validate them. Observations rest solely on calculated proportions, somewhat limiting their credibility.	2.667	2,3,3	The trajectory presents descriptive findings without clear follow-up steps or hypotheses. Negative findings are potentially actionable, but the trajectory does not direct specific further analyses.	3.000	3,3,3	The trajectory addresses the initial observation by showing extreme values do not overlap. However, it leaves broader questions about the implications of these findings unresolved.
systems	2026-07-31T13:42:33	systems	d2i	d2i	qrobur_tree_table	level_2	4	4	3	3	3.000	3,3,3	The trajectory addresses SNP density and sequencing coverage correlations but does not advance beyond descriptive statistics and correlation checks.	2.333	2,2,3	While a correlation between nsnps and nsamplecov is identified, subsequent steps provide little additional information or convergence.	3.000	3,3,3	The correlation found is moderately interesting, but further steps are largely descriptive with limited insight generation.	3.000	3,3,3	Claims are consistent with the evidence presented, but the absence of statistical support in some steps weakens confirmation.	2.000	2,2,2	The trajectory hints at some follow-up analyses, but lacks a coherent direction that suggests a specific decision or next step.	2.333	2,2,3	Initial correlation is measured, but further questions about distribution and localization within genomic windows remain unresolved.
systems	2026-07-31T13:42:33	systems	d2i	d2i	revenue_opportunities	level_2	0	3	3	3	3.000	3,3,3	The trajectory remains mostly on topic, addressing probability trends related to partner status and regions, but it doesn't significantly elaborate on segments, sales stages, or opportunity size, leaving some key areas of the goal unexamined.	2.333	2,2,3	The exploration of declining probabilities is moderately informative, but the trajectory's follow-up with less significant NaN trends and a simple mean probability ranking provides limited additional understanding.	2.333	2,3,2	The findings are mildly informative, such as the partner and non-partner-driven probabilities, but some observations like NaN trends and a basic ranking of regions lack depth and surprise.	3.333	4,3,3	Claims are generally consistent with their evidence, aside from the unsupported mean probability observation. Most statements are well-grounded in the data analysis steps.	2.000	2,2,2	The trajectory suggests possible areas for further investigation regarding regional probabilities but lacks a coherent or strong direction for actionable insights due to diffuse observations.	2.667	3,2,3	The initial insight about declining probabilities is partially resolved with comparisons between partner-driven and non-partner probabilities, but broader questions about other factors remain open.
systems	2026-07-31T13:42:33	systems	d2i	d2i	revenue_opportunities	level_2	1	1	3	3	2.000	1,3,2	The observation does not directly address the goal of examining the sales pipeline across specified dimensions; instead, it focuses on probabilities by unrelated dimensions.	2.000	2,2,2	The finding provides some information on variability in probabilities but does not offer deep insights into the sales pipeline size or shape.	2.000	2,2,2	The result is somewhat informative but lacks strong novelty or surprise value, as it does not go beyond basic probability variability.	2.000	2,2,2	The observation lacks statistical support or evidence that strongly verifies the claim, relying solely on stated values.	1.333	1,2,1	The trajectory provides no clear follow-up actions or directions related to the analytical goal.	1.000	1,1,1	There is minimal resolution of the initial goal, leaving most questions about the sales pipeline unanswered.
systems	2026-07-31T13:42:33	systems	d2i	d2i	revenue_opportunities	level_2	2	4	3	3	4.000	4,4,4	The trajectory stays focused on analyzing the probability of closing sales across different dimensions, directly relating to assessing the sales pipeline in 2015.	3.667	3,4,4	The trajectory provides meaningful insights on trends and correlations but includes some redundancy and lacks deeper examination of certain dimensions.	3.333	3,4,3	The trajectory uncovers the declining trend over time and lack of correlation for 'Lead' stage, which is informative but not highly surprising.	3.000	3,3,3	Most claims are supported by evidence, but the lack of statistical support for the correlation claim weakens it.	3.333	3,3,4	While the trajectory suggests some follow-up analyses, particularly regarding regions and stages, it does not converge to a specific hypothesis or next step.	4.000	4,4,4	The trajectory resolves uncertainty about the declining closing probabilities over time and the absence of correlation in the 'Lead' stage, but some details remain unexplored.
systems	2026-07-31T13:42:33	systems	d2i	d2i	revenue_opportunities	level_2	3	4	3	3	4.333	5,4,4	The trajectory focuses on explaining differences in revenue, probabilities, and increases across sales stages, directly addressing segment and partner-related goals for the 2015 sales pipeline.	3.333	4,3,3	Most observations build on the previous ones, refining and localizing insights about revenue differences, but some claims lack statistical support, limiting their contribution to reducing uncertainty.	3.667	4,3,4	The insights into significant revenue differences between sales stages, along with their consistency across segments, are non-obvious and worth noting, although some findings restate known patterns.	3.000	3,3,3	While initial claims are supported by strong statistical evidence, later steps lack statistical support, relying only on summary values, affecting the overall reliability.	3.333	4,3,3	The trajectory suggests actionable insights on focusing efforts on the 'Proposal' stage due to superior revenue and closure probability, providing a clear direction for decision-makers.	4.000	4,4,4	The trajectory effectively contextualizes and explains initial revenue insights with subsequent segment and partner analyses, though some areas aren't statistically validated.
systems	2026-07-31T13:42:33	systems	d2i	d2i	revenue_opportunities	level_2	4	1	3	3	3.000	3,3,3	The observation relates to the analytical goal by analyzing regions and opportunity sizes in sales stages, but provides only a partial view of the pipeline without addressing all specified dimensions such as segments and partner status.	2.000	2,2,2	There is only a single-step trajectory, hence limited new understanding is provided beyond the dataset profile. It categorizes the concentration of opportunity sizes by region and sales stage, but lacks additional insights.	2.000	2,2,2	The finding is mildly informative but mainly consists of expected observations. It identifies prevalent trends in opportunity sizes across regions, which isn't particularly surprising given the dataset profile.	2.333	2,3,2	The claim lacks statistical support and relies solely on returned values, weakening the confidence and sufficiency of the evidence provided.	2.000	2,2,2	The trajectory suggests a superficial direction for further analysis such as deeper exploration of other dimensions like segment and partner status, but doesn't converge on a specific actionable next step.	1.333	1,1,2	The trajectory does not resolve uncertainties introduced by the base insight, such as why these patterns exist or their impact on the sales pipeline. It leaves many important questions unanswered.
systems	2026-07-31T13:42:33	systems	d2i	d2i	salesfact	level_2	0	4	3	3	3.333	3,3,4	The trajectory generally relates to the analytical goal, addressing revenue in relation to 'iscompetehide', with specific mentions of channel and manufacturer. However, it largely excludes time, region, and segment focus.	2.667	2,3,3	Some observations, particularly the first, provide new insight into how 'iscompetehide' affects revenue. However, later steps largely restate earlier findings without adding substantial new understanding.	2.667	2,3,3	Findings about revenue changes under 'iscompetehide' are mildly informative but not surprising or insightful, given the dataset context and lack of unexpected trends or anomalies.	2.000	2,2,2	Several steps lack statistical support, rendering them less trustworthy. While some claims are consistent with the evidence, others are weakly supported or rest on limited data without statistical validation.	2.667	3,2,3	The trajectory proposes some inquiry directions, such as examining revenue under 'iscompetehide', but remains scattered without converging on a specific actionable conclusion or hypothesis.	2.333	2,2,3	The initial observation about 'iscompetehide' and revenue is followed by repetitive findings with minimal additional context, leaving significant questions about broader goal aspects unresolved.
systems	2026-07-31T13:42:33	systems	d2i	d2i	salesfact	level_2	1	1	3	3	3.000	3,3,3	The trajectory mentions relevant columns 'revenue' and 'iscompetehide', but only partially addresses the analytical goal. It focuses narrowly on revenue trend by 'iscompetehide' without covering other goal aspects like market share, region, channel, or segment.	2.000	2,2,2	The step provides limited new understanding beyond a single observation of revenue increase under a specific condition. The absence of multiple observations limits progression or deepening of analysis.	2.333	2,2,3	The finding about VanArsdel's revenue trend is mildly informative but fairly narrow. Lacks additional context or insights beyond a singular condition for a single manufacturer.	2.000	2,2,2	The claim rests on descriptive statistics without statistical support or tests, making it weakly supported. Values are stated, but the strength of conclusion is limited by lack of rigorous testing.	2.000	2,2,2	The observation hints at potential follow-up regarding VanArsdel's revenue strategy, but it does not converge toward a coherent next step or hypothesis beyond the descriptive finding.	1.667	1,2,2	The trajectory does not resolve the base insight's uncertainties such as why VanArsdel's trends change or how these trends compare across other relevant conditions, regions, or segments.
systems	2026-07-31T13:42:33	systems	d2i	d2i	salesfact	level_2	2	1	3	3	3.000	2,4,3	The trajectory's observation is tangential to the broad analytical goal, only focusing on one specific region's revenue contribution without addressing time, manufacturer variety, or sub-segments explicitly.	2.667	2,3,3	As a single step, it gives limited new understanding by focusing on a narrow calculation of revenue percentage contribution in one region, without broader context or comparison.	2.667	2,3,3	The finding is somewhat informative but not surprising or non-obvious, as it simply quantifies expected regional revenue contribution without deeper insight or unexpected patterns.	2.333	3,2,2	The claim is consistent with the evidence provided, showing computations of revenue percentages, but lacks statistical verification, relying solely on returned values.	2.000	2,2,2	The observation suggests a focus on the East region's revenue but does not provide clear next steps, alternative hypotheses, or contextual analysis for further action.	2.000	2,2,2	The trajectory does not address or resolve broader questions introduced by the analytical goal, remaining focused on a single, isolated aspect of regional contribution.
systems	2026-07-31T13:42:33	systems	d2i	d2i	salesfact	level_2	3	2	3	3	2.667	2,3,3	The trajectory focuses on factors affecting revenue in different channels and regions, but does not explore market share, segment, or changes over time, which are key parts of the goal.	2.333	3,2,2	The second observation adds specificity about the 'Urban' category's contribution to revenue, slightly deepening the understanding of the initial claim about channel revenue.	2.333	3,2,2	The findings are somewhat informative, but not surprising; higher revenue in 'Online' and contributions from the 'Urban' category in a given context are expected observations.	2.333	2,2,3	The claims are consistent within each step but lack statistical support, reducing the evidence sufficiency to verify the conclusions.	2.000	2,2,2	While the findings suggest areas for potential revenue focus, they do not provide a clear direction for further analysis or decision-making due to lack of broader context or over time trends.	2.000	2,2,2	The trajectory partially explains high online revenue but leaves broader uncertainties unresolved, such as impact over time or market share considerations.
systems	2026-07-31T13:42:33	systems	d2i	d2i	salesfact	level_2	4	1	2	3	2.000	2,2,2	The observation touches on manufacturer and segment, but does not address the goal of exploring revenue across manufacturers, channels, regions, and segments comprehensively over time.	2.000	2,2,2	As a single-step trajectory, it provides limited new understanding, focusing narrowly on a specific segment and region without broader context.	2.000	2,2,2	While identifying regional dominance in a specific segment, it offers no surprising insights beyond what might be anticipated given the dataset structure.	3.000	3,3,3	The claim is consistent with attached evidence for the given proportion; however, the leap to confirm dominance lacks full statistical context or comparative baselines.	2.000	2,2,2	The finding hints at regional revenue dominance but lacks a clear direction for further analysis or decision-making steps.	1.000	1,1,1	The trajectory does not resolve broader analytical questions concerning market share and revenue across other factors or over time.
systems	2026-07-31T13:42:33	systems	quis	quis	qrobur_tree_table	level_2	0	3	2	3	1.333	2,1,1	The trajectory vaguely addresses SNP density through the 'tree' patterns but fails to directly analyze SNP density and sequencing coverage across genomic windows. It mostly drifts into examining 'tree' values without linking them tightly to the goal.	1.000	1,1,1	The trajectory consistently reports outstanding 'tree' values without answering unresolved questions or providing substantial improvement over previous steps. It lacks depth and progression.	1.000	1,1,1	The focus on 'tree' values being outstanding lacks context and direct linkage to the sequencing coverage or SNP density, making the findings routine and unremarkable for the stated goal.	5.000	5,5,5	Assigned, not judged: every QUIS statement is the direct rendering of a statistic computed by SQL aggregation over the stated subspace, so it holds of the data by construction. QUIS records no claim-level evidence for an evidence-grounded rubric to weigh, so scoring it against one would measure its output format, not its claims.	1.000	1,1,1	The trajectory remains purely descriptive, failing to suggest concrete next steps or hypotheses. It does not provide guidance for further analysis.	1.000	1,1,1	The initial observation about 'tree' value frequency is never contextualized or validated in relation to SNP density or coverage, leaving key uncertainties unresolved.
systems	2026-07-31T13:42:33	systems	quis	quis	qrobur_tree_table	level_2	1	3	2	3	1.000	1,1,1	The trajectory focuses on maximum 'end' values across different conditions, which does not address SNP density or sequencing coverage patterns, drifting away from the analytical goal.	1.333	2,1,1	While steps identify 'outstandingly large MAX(end)' in different subspaces, they provide limited progression or resolution of any analytical goal-related questions.	1.333	2,1,1	The findings are expected due to the focus on 'maximum' values, which are routine and not insightful for the stated analytical goal.	5.000	5,5,5	Assigned, not judged: every QUIS statement is the direct rendering of a statistic computed by SQL aggregation over the stated subspace, so it holds of the data by construction. QUIS records no claim-level evidence for an evidence-grounded rubric to weigh, so scoring it against one would measure its output format, not its claims.	1.000	1,1,1	The trajectory does not build toward a specific hypothesis or decision relevant to SNP density or sequencing coverage patterns, staying purely descriptive.	1.000	1,1,1	It does not address or resolve any questions about the analytical goal of SNP density or sequencing coverage, leaving the initial inquiry unclarified.
systems	2026-07-31T13:42:33	systems	quis	quis	qrobur_tree_table	level_2	2	3	2	3	1.000	1,1,1	The trajectory is largely irrelevant to the goal, which is to investigate SNP density and sequencing coverage. The observations focus on 'tree' values that don't pertain to SNP density or coverage.	1.000	1,1,1	The trajectory lacks progression or refinement of understanding and provides repeated unsupported claims without measurable gains in analytical understanding.	1.000	1,1,1	Findings are neither surprising nor informative about the goal. They consist of routine pattern identifications that are unsupported and lack analytical depth.	5.000	5,5,5	Assigned, not judged: every QUIS statement is the direct rendering of a statistic computed by SQL aggregation over the stated subspace, so it holds of the data by construction. QUIS records no claim-level evidence for an evidence-grounded rubric to weigh, so scoring it against one would measure its output format, not its claims.	1.000	1,1,1	No concrete next steps or hypotheses emerge. The observations don't suggest useful analyses or decision paths, and stay purely descriptive.	1.000	1,1,1	The trajectory fails to resolve any issues related to the analytical goal. It lacks evidence-based clarification or exploration of the initial observations, leaving all questions open.
systems	2026-07-31T13:42:33	systems	quis	quis	qrobur_tree_table	level_2	3	3	2	3	1.333	1,2,1	The observations focus on values in the 'tree' column and mention SNP-related columns, but they do not address patterns of SNP density or sequencing coverage in genomic windows or chromosome positions.	1.000	1,1,1	The trajectory does not form a clear question-and-answer sequence. Observations mention values but do not build on each other or provide new understanding.	1.000	1,1,1	The findings are based on outstanding values within 'tree' records and do not identify insights related to SNP patterns or sequencing coverage, making them routine and uninformative.	5.000	5,5,5	Assigned, not judged: every QUIS statement is the direct rendering of a statistic computed by SQL aggregation over the stated subspace, so it holds of the data by construction. QUIS records no claim-level evidence for an evidence-grounded rubric to weigh, so scoring it against one would measure its output format, not its claims.	1.000	1,1,1	No clear actionable direction or hypothesis is presented. Observations focus on numerical values without suggesting next analytical steps or decisions.	1.000	1,1,1	The trajectory does not resolve the initial insight or address uncertainty about SNP density or sequencing coverage; it remains disconnected from the analytical goal.
systems	2026-07-31T13:42:33	systems	quis	quis	qrobur_tree_table	level_2	4	2	1	3	1.000	1,1,1	The trajectory is not focused on SNP density or sequencing coverage patterns across genomic windows, as it mainly describes tree values without clear relevance to the analytical goal.	1.000	1,1,1	Both observations fail to build on each other or offer meaningful insights into the dataset's structure; they focus on unrelated patterns.	1.000	1,1,1	The observations are neither surprising nor informative about SNP density or sequencing coverage; they restate system patterns without actionable context.	5.000	5,5,5	Assigned, not judged: every QUIS statement is the direct rendering of a statistic computed by SQL aggregation over the stated subspace, so it holds of the data by construction. QUIS records no claim-level evidence for an evidence-grounded rubric to weigh, so scoring it against one would measure its output format, not its claims.	1.000	1,1,1	The trajectory lacks a concrete analytical direction or hypothesis relevant to the goal, offering no clear next steps.	1.000	1,1,1	The initial observation is not resolved; subsequent steps do not address the uncertainties introduced by the base insight, which itself is unrelated to the goal.
systems	2026-07-31T13:42:33	systems	quis	quis	revenue_opportunities	level_2	0	4	3	3	2.000	2,2,2	The trajectory starts off relevant by focusing on opportunity size and revenue, which is part of the intended analysis. However, it quickly narrows excessively, leaving out several other aspects like different regions, sales stages, and partner status.	1.333	1,2,1	Each step repeats the claim without additional evidence or new insights. Observations restate the same finding for progressively narrower slices without resolving further questions or providing new understanding.	1.333	1,1,2	The finding about 'Large' opportunity size dominating in revenue is neither novel nor unexpected. Each step repeats the finding for different subspaces, offering little of analytical surprise or depth.	5.000	5,5,5	Assigned, not judged: every QUIS statement is the direct rendering of a statistic computed by SQL aggregation over the stated subspace, so it holds of the data by construction. QUIS records no claim-level evidence for an evidence-grounded rubric to weigh, so scoring it against one would measure its output format, not its claims.	1.667	2,2,1	While the trajectory identifies a consistent high revenue from 'Large' opportunities, it fails to suggest any specific next steps for further analysis or decision-making.	1.333	1,2,1	The trajectory repeats the initial observation in slightly different contexts without addressing the reasons or broader scope of the initial finding. It leaves the base observation largely unexplained and unresolved.
systems	2026-07-31T13:42:33	systems	quis	quis	revenue_opportunities	level_2	1	3	2	3	2.000	2,2,2	The trajectory loosely relates to the goal by focusing on sales_stage and revenue, touching briefly on partner-driven sales and a specific account. However, it does not explore regions, segments, opportunity sizes, or partner statuses in a meaningful way, leaving much of the goal unexplored.	1.000	1,1,1	The steps are repetitive, each making similar statements about 'Lead' at different granular levels with no additional insights or refinement beyond the initial claim, providing very low marginal improvement.	2.000	2,2,2	While the finding that 'Lead' stage has a large revenue might initially seem interesting, it becomes obvious through repetition and does not uncover non-obvious insights or deepen understanding of the sales pipeline.	5.000	5,5,5	Assigned, not judged: every QUIS statement is the direct rendering of a statistic computed by SQL aggregation over the stated subspace, so it holds of the data by construction. QUIS records no claim-level evidence for an evidence-grounded rubric to weigh, so scoring it against one would measure its output format, not its claims.	1.333	1,2,1	The trajectory is purely descriptive without suggesting next steps, analyses, or decisions. It lacks directionality and does not lead towards an actionable conclusion.	1.000	1,1,1	The base insight about the 'Lead' stage's revenue is neither explained nor localized. The trajectory restates this observation at narrower slices without resolving why 'Lead' is significant or its impact on the sales pipeline, leaving core questions unanswered.
systems	2026-07-31T13:42:33	systems	quis	quis	revenue_opportunities	level_2	2	3	2	3	1.667	2,1,2	The trajectory focuses on the 'Direct' partner but does not explore other relevant dimensions such as region, segment, or opportunity size beyond 'Small'. This offers limited insight into the overall sales pipeline shape.	2.000	2,2,2	Each observation repeats the finding that 'Direct' is dominant within progressively narrower subspaces. This pattern is confirmed but not expanded with new insights or resolved questions.	1.667	1,2,2	The findings reiterate that 'Direct' has a large count, which is routine given the profile's top value distribution. It lacks surprising or non-obvious insights.	5.000	5,5,5	Assigned, not judged: every QUIS statement is the direct rendering of a statistic computed by SQL aggregation over the stated subspace, so it holds of the data by construction. QUIS records no claim-level evidence for an evidence-grounded rubric to weigh, so scoring it against one would measure its output format, not its claims.	1.000	1,1,1	The trajectory remains descriptive without suggesting specific follow-up analyses, decisions, or hypotheses. It lacks a coherent analytical thread leading to actionable outcomes.	1.333	2,1,1	The later steps confirm 'Direct's dominance in specific subspaces but do not substantially resolve uncertainties about the overall pipeline or dynamics beyond what was initially stated.
systems	2026-07-31T13:42:33	systems	quis	quis	revenue_opportunities	level_2	3	3	2	3	2.000	2,2,2	The trajectory examines 'sales_stage', which is part of the goal, but it lacks coverage of other key aspects like region, segment, and partner status. It partially addresses the goal but remains too narrow.	1.667	2,2,1	Each step claims 'Lead' dominates in specific subspaces without resolving broader uncertainties about the sales pipeline. Minimal progression and repetitive focus on similar observations.	2.000	2,2,2	Finding that 'Lead' dominates in 'sales_stage' is not surprising given the dataset profile. The steps lack unexpected insights or deep analytical contributions.	5.000	5,5,5	Assigned, not judged: every QUIS statement is the direct rendering of a statistic computed by SQL aggregation over the stated subspace, so it holds of the data by construction. QUIS records no claim-level evidence for an evidence-grounded rubric to weigh, so scoring it against one would measure its output format, not its claims.	1.000	1,1,1	No concrete follow-up actions or specific analytical steps are indicated. The trajectory is descriptive without suggesting a direction for further exploration or decision-making.	1.000	1,1,1	Fails to resolve any significant uncertainties introduced in the base insight. It does not explain why 'Lead' is dominant or contextualize the observation within the broader sales pipeline.
systems	2026-07-31T13:42:33	systems	quis	quis	revenue_opportunities	level_2	4	4	3	3	2.333	2,3,2	The trajectory mentions relevant columns (opportunity size, partner status), but provides minimal insight into the sales pipeline's size and shape across all stated dimensions. The narrow focus on 'Large' opportunity size limits broader understanding.	1.333	1,2,1	Observations repeat the same statement about 'Large' opportunity size without resolving any new uncertainty. Increased specificity does not change the conclusion or add new understanding.	1.667	1,2,2	The trajectory reveals predictable dominance of 'Large' opportunity size. Without evidence or unexpected findings, the insights remain routine and expected.	5.000	5,5,5	Assigned, not judged: every QUIS statement is the direct rendering of a statistic computed by SQL aggregation over the stated subspace, so it holds of the data by construction. QUIS records no claim-level evidence for an evidence-grounded rubric to weigh, so scoring it against one would measure its output format, not its claims.	1.333	1,2,1	The trajectory simply restates a dominance observation without actionable steps or directions for deeper exploration or decision-making.	1.333	1,2,1	There is no resolution of initial insight's questions, such as why 'Large' dominates or its implications. The trajectory fails to explain or contextualize the observation.
systems	2026-07-31T13:42:33	systems	quis	quis	salesfact	level_2	0	3	2	3	1.000	1,1,1	The trajectory focuses exclusively on the 'Urban' category's unit sum without addressing the broader goal of revenue and market share analysis across relevant dimensions.	1.000	1,1,1	Each step is repetitive, specifying the same claim about 'Urban' with different subspaces but not fundamentally altering or deepening understanding.	1.667	2,2,1	The finding that 'Urban' has a large unit sum could be of mild interest but lacks context or non-obvious insights related to the broad analytical goal.	5.000	5,5,5	Assigned, not judged: every QUIS statement is the direct rendering of a statistic computed by SQL aggregation over the stated subspace, so it holds of the data by construction. QUIS records no claim-level evidence for an evidence-grounded rubric to weigh, so scoring it against one would measure its output format, not its claims.	1.000	1,1,1	The trajectory remains descriptive and does not offer concrete next steps or hypotheses for further analysis aligned with the goal of understanding revenue and market share.	1.333	2,1,1	Attempts to contextualize the base insight by focusing on subspaces, but it does not resolve questions about why or how this is significant beyond numbers.
systems	2026-07-31T13:42:33	systems	quis	quis	salesfact	level_2	1	2	1	3	1.000	1,1,1	The trajectory does not align with the goal of exploring revenue and market share across different attributes. Instead, it focuses on the mean value of the 'isvanarsdel' attribute within the 'Urban' category, which is unrelated to the analytical goal.	1.667	2,1,2	The trajectory offers a repetition of the same observation ('Urban' category having a large MEAN) under different conditions, adding limited new understanding.	1.333	2,1,1	The finding that 'Urban' has a large MEAN(isvanarsdel) is mildly informative but largely unrelated to the core analytical focus of revenue and market share.	5.000	5,5,5	Assigned, not judged: every QUIS statement is the direct rendering of a statistic computed by SQL aggregation over the stated subspace, so it holds of the data by construction. QUIS records no claim-level evidence for an evidence-grounded rubric to weigh, so scoring it against one would measure its output format, not its claims.	1.000	1,1,1	The observations do not suggest a concrete next step, analysis, or decision relevant to exploring revenue and market share.	1.000	1,1,1	The trajectory does not address the unresolved questions from the base insight regarding other categories or the implications on revenue and market share.
systems	2026-07-31T13:42:33	systems	quis	quis	salesfact	level_2	2	4	3	3	1.000	1,1,1	The trajectory remains focused on the category 'Urban', which is not directly related to revenue, market share, or time trends as the goal specifies.	1.000	1,1,1	Each step simply reiterates the finding of 'Urban' being outstanding, without resolving any new questions or uncertainties from prior steps.	1.000	1,1,1	The consistent observation of 'Urban' having high counts is unsurprising given its dominance in the dataset profile, making the sequence of statements routine and uninformative.	5.000	5,5,5	Assigned, not judged: every QUIS statement is the direct rendering of a statistic computed by SQL aggregation over the stated subspace, so it holds of the data by construction. QUIS records no claim-level evidence for an evidence-grounded rubric to weigh, so scoring it against one would measure its output format, not its claims.	1.000	1,1,1	The trajectory does not suggest any concrete next steps or analyses, as it repeatedly states the same descriptive finding.	1.000	1,1,1	The trajectory fails to resolve the initial observation's uncertainty, as it only narrows the scope to the same finding without explanation, validation, or contextualization.
systems	2026-07-31T13:42:33	systems	quis	quis	salesfact	level_2	3	4	3	3	1.000	1,1,1	The trajectory focuses exclusively on the 'Urban' category without addressing revenue or market share across manufacturer, channel, region, or segment.	1.000	1,1,1	Each observation repeats the same finding in progressively narrower subspaces without resolving any new questions or uncertainty.	1.000	1,1,1	The finding that 'Urban' is the largest category is obvious and aligns with the dataset profile, offering no new or non-obvious insights.	5.000	5,5,5	Assigned, not judged: every QUIS statement is the direct rendering of a statistic computed by SQL aggregation over the stated subspace, so it holds of the data by construction. QUIS records no claim-level evidence for an evidence-grounded rubric to weigh, so scoring it against one would measure its output format, not its claims.	1.000	1,1,1	The trajectory is purely descriptive, providing no suggested next steps, decisions, or hypotheses for further analysis.	1.000	1,1,1	No uncertainty about the base insight is resolved beyond restating the size of 'Urban'; the trajectory remains static and non-analytical.
systems	2026-07-31T13:42:33	systems	quis	quis	salesfact	level_2	4	4	3	3	1.000	1,1,1	The trajectory focuses on 'Urban' count dominance repeatedly, which does not address the specified exploration of revenue, market share, or any temporal or geographic trends specified in the goal.	1.000	1,1,1	The observations simply reiterate the dominance of 'Urban' in smaller slices without resolving any new uncertainties or providing deeper insights.	1.000	1,1,1	The repeated observation of 'Urban' being dominant is predictable from the dataset profile and does not uncover any non-obvious or insightful findings.	5.000	5,5,5	Assigned, not judged: every QUIS statement is the direct rendering of a statistic computed by SQL aggregation over the stated subspace, so it holds of the data by construction. QUIS records no claim-level evidence for an evidence-grounded rubric to weigh, so scoring it against one would measure its output format, not its claims.	1.000	1,1,1	The observations do not converge on any actionable hypothesis or suggest a concrete next analytical step aside from the recognized dominance of 'Urban.'	1.000	1,1,1	The trajectory provides no new understanding or clarification related to the initial observation beyond what is evident from the dataset profile.
